user_id,persona,daily_listening_minutes,sessions_per_day,avg_session_minutes,days_active_last_30,skip_rate,ads_skipped_pct,repeat_track_rate,genre_diversity_score,liked_songs_pct,subscription_tenure_months,premium_flag,monthly_revenue,cluster,pca_1,pca_2
USR_002038,Casual Snackers,31.35,2.2,12.1,13,0.384,0.5072,0.5343,0.5369,0.4027,7.1,0,1.37,3,-1.15770230303183,-0.8336636508669832
USR_001979,Habitual Loyalists,239.87,3.66,70.78,21,0.5148,0.7662,0.9046,0.3473,0.7171,23.1,1,6.5,1,1.6012366745234468,2.454428216366522
USR_000856,Exploratory Samplers,102.94,3.43,33.81,9,0.5998,0.3855,0.1693,0.6364,0.2013,13.2,0,1.58,3,-2.1048582038537362,0.19155025431982414
USR_001720,Power Streamers,280.43,8.43,38.17,27,0.4084,1.0,0.5478,0.3951,0.3873,41.0,1,6.5,2,2.2987580712567874,0.9591337866762121
USR_002020,Exploratory Samplers,59.15,3.64,12.68,18,0.4619,0.3534,0.213,0.7825,0.2971,7.8,0,1.78,3,-1.3706922817909504,-1.067845765349789
USR_000135,Habitual Loyalists,78.78,5.44,13.72,21,0.5691,0.6508,0.4622,0.6438,0.4919,51.6,0,1.82,3,0.03747728996284743,-0.8208501488380697
USR_001376,Casual Snackers,37.35,1.97,19.4,12,0.6923,0.2173,0.4096,0.2259,0.3328,1.0,0,2.08,0,-2.6569627124893516,-0.5291208693420194
USR_001712,Exploratory Samplers,118.89,4.77,21.78,15,0.7303,0.4266,0.2547,0.9681,0.3309,11.7,0,1.6,3,-1.063064555160714,-0.5718392797065688
USR_001290,Habitual Loyalists,135.85,2.93,48.7,25,0.4711,0.5965,0.873,0.8134,0.6538,7.6,0,1.82,1,1.1584839975691563,0.8682993660098837
USR_001069,Casual Snackers,54.16,2.29,28.63,15,0.8712,0.3009,0.2489,0.5508,0.2499,7.0,0,1.01,0,-2.6413177768729614,-0.11995251928478169
USR_001710,Exploratory Samplers,62.69,4.38,14.04,15,0.5475,0.402,0.3889,0.9028,0.4052,7.5,0,1.92,3,-0.9031644303928391,-1.0759569520617611
USR_000112,Casual Snackers,65.78,2.07,32.99,12,0.372,0.3963,0.1878,0.1048,0.1426,13.5,0,2.12,0,-2.4892521826200884,0.3878113192435915
USR_001199,Exploratory Samplers,89.99,4.31,24.19,21,0.6618,0.5697,0.0365,0.8762,0.0612,11.6,0,1.8,3,-1.525200217387132,-0.28391684839611186
USR_001511,Casual Snackers,35.2,1.6,20.19,13,0.8706,0.3041,0.0719,0.4021,0.0485,5.6,0,2.0,0,-3.6410926580129477,-0.3636867819439256
USR_001908,Casual Snackers,56.36,2.01,25.88,1,0.7847,0.1942,0.2493,0.243,0.1872,7.0,1,6.5,0,-3.71033271054325,-0.12021335642591309
USR_001790,Casual Snackers,50.49,1.39,36.8,7,0.645,0.4051,0.1496,0.4813,0.2819,7.3,0,1.24,0,-2.806354436620664,0.4500627868588326
USR_000180,Habitual Loyalists,161.29,5.21,34.95,30,0.4608,0.7165,0.754,0.3739,0.549,51.0,1,6.5,1,1.387584886914399,0.45557150458011586
USR_001826,Casual Snackers,20.27,2.78,11.15,6,0.7366,0.3189,0.3351,0.1468,0.2419,1.6,0,1.92,0,-3.1257108629359522,-0.819546537432419
USR_001522,Habitual Loyalists,150.95,7.31,19.62,22,0.2883,0.4283,0.7515,0.7975,0.6043,22.1,0,1.69,1,1.5020716772191984,-0.8971863897271185
USR_001566,Exploratory Samplers,87.01,2.67,32.76,20,0.3251,0.4531,0.2924,0.8151,0.1789,30.5,0,1.19,3,-1.0115252611274832,0.05104317877367909
USR_001011,Habitual Loyalists,149.87,7.6,15.38,30,0.3282,0.5665,0.9262,0.5642,0.6157,23.8,0,1.07,1,2.1576590702320844,-0.9240995397615777
USR_002159,Exploratory Samplers,79.02,4.97,17.97,11,0.4639,0.2588,0.2,0.3603,0.1537,22.5,0,1.01,0,-2.146922939915339,-0.7202412657527008
USR_001026,Exploratory Samplers,61.43,3.98,14.31,16,0.2806,0.1464,0.5054,0.6576,0.4773,11.9,1,6.5,3,-0.8333709702333234,-1.2323955935154636
USR_002153,Habitual Loyalists,106.83,4.96,22.91,23,0.4162,0.4287,0.5696,0.3474,0.3996,33.3,1,6.5,1,-0.17507803926287227,-0.39821748984475164
USR_001353,Exploratory Samplers,129.7,3.86,31.28,29,0.6901,0.4412,0.6933,0.9435,0.5659,16.9,0,0.98,3,0.5885613717256601,-0.17003705678625147
USR_000528,Power Streamers,224.33,7.81,23.47,27,0.0889,0.91,0.8036,0.2347,0.6723,46.0,1,6.5,2,2.996665196950096,0.0699936858183444
USR_001317,Habitual Loyalists,176.96,6.39,30.64,26,0.6953,0.6874,0.8368,0.8175,0.5742,22.9,1,6.5,1,1.5663731078113363,0.010974967917501504
USR_001740,Habitual Loyalists,144.48,4.96,29.05,28,0.3733,0.5011,0.9324,0.8651,0.577,41.1,0,0.82,1,1.6322741515694286,-0.2941511996156698
USR_001302,Habitual Loyalists,101.91,5.68,18.04,25,0.4783,0.4351,0.9539,0.5656,0.7123,30.0,0,1.03,1,1.1774008857721143,-0.875477973172212
USR_002055,Exploratory Samplers,58.22,3.92,8.48,26,0.3555,0.4003,0.1895,0.5341,0.0,21.3,0,1.1,3,-1.4817942687279415,-1.1185525998303043
USR_001791,Habitual Loyalists,136.99,5.12,24.57,26,0.2778,0.5076,0.8653,0.2398,0.6506,25.2,1,6.5,1,1.2414695448128574,-0.24337773014256264
USR_001117,Casual Snackers,8.75,2.73,3.0,6,0.7268,0.1112,0.2877,0.097,0.1846,6.4,0,1.51,0,-3.707530068798839,-1.375572361418194
USR_002025,Exploratory Samplers,174.68,2.13,77.58,10,0.7809,0.8184,0.3386,0.8377,0.2684,7.4,1,6.5,3,-0.9877656039016423,2.7662474567057647
USR_001197,Casual Snackers,56.95,1.59,29.23,5,0.6727,0.2266,0.1584,0.2322,0.132,10.5,0,1.02,0,-3.602450215867053,0.08816065555781398
USR_001191,Exploratory Samplers,100.45,5.25,27.34,23,0.5836,0.775,0.1203,0.5333,0.1198,12.8,0,1.03,3,-0.8404781820717532,0.12844415158843234
USR_002096,Exploratory Samplers,70.7,3.31,22.16,13,0.2479,0.1839,0.3637,0.8971,0.3743,18.7,0,1.54,3,-1.1203970810528778,-0.8359523714427803
USR_000219,Power Streamers,166.71,7.9,18.91,30,0.2281,0.5937,0.8545,0.4598,0.6282,37.3,0,1.12,1,2.3201045436569956,-0.6800327333102874
USR_000464,Exploratory Samplers,76.45,3.23,18.67,29,0.4849,0.3353,0.331,0.7891,0.2765,10.1,1,6.5,3,-0.7684822302294192,-0.7945564428461175
USR_000519,Casual Snackers,45.73,2.91,17.28,13,0.7738,0.4161,0.2316,0.091,0.277,9.0,0,0.97,0,-2.678318463033463,-0.389825175989311
USR_000975,Exploratory Samplers,91.39,4.98,18.29,16,0.4205,0.3643,0.261,0.9836,0.2541,18.8,1,6.5,3,-0.8820237743380002,-0.9148869481252919
USR_000446,Habitual Loyalists,207.14,6.21,30.03,28,0.5858,0.6383,0.8298,0.6004,0.6645,15.2,0,1.16,1,1.8537116179179327,0.08533463918921323
USR_001303,Habitual Loyalists,117.57,6.57,18.66,21,0.2052,0.266,0.9069,0.4751,0.85,29.4,0,1.91,1,1.4500311480342742,-1.0363923623883888
USR_000765,Power Streamers,251.51,6.98,35.97,26,0.1006,0.7534,0.6649,0.7506,0.4321,40.6,1,6.5,2,2.46312587765491,0.4418401555115726
USR_000576,Habitual Loyalists,148.6,5.33,32.08,26,0.3577,0.6535,0.848,0.7017,0.6457,21.3,1,6.5,1,1.7608415587951434,0.04950874006589904
USR_000057,Exploratory Samplers,102.77,2.48,40.88,10,0.51,0.5055,0.5844,0.8767,0.4386,15.5,1,6.5,3,-0.7048757427165401,0.4870108512151483
USR_001118,Power Streamers,255.44,8.75,22.86,30,0.104,0.6593,0.6589,0.757,0.5176,29.1,1,6.5,2,2.937136761290467,-0.4031128781210617
USR_002015,Exploratory Samplers,132.17,4.08,23.48,11,0.4502,0.5286,0.4285,0.9391,0.3373,18.1,1,6.5,3,-0.4859340092305733,-0.34114729784405845
USR_002133,Power Streamers,193.0,7.42,28.17,29,0.0176,0.9266,0.7308,0.6674,0.6693,40.6,1,6.5,2,3.226471313999534,0.04343015719845769
USR_002253,Exploratory Samplers,101.56,3.46,28.97,25,0.3921,0.2915,0.4492,0.8216,0.3392,16.2,0,2.12,3,-0.4317551463707459,-0.35904929075770126
USR_001106,Habitual Loyalists,204.62,5.96,33.72,25,0.4755,1.0,0.619,0.5761,0.6378,21.7,1,6.5,2,2.040243137225592,0.6459880208446278
USR_001092,Habitual Loyalists,177.86,5.52,34.38,26,0.3646,0.6626,0.9017,0.4349,0.6372,29.2,1,6.5,1,1.7951701695631326,0.33910346185866674
USR_001674,Casual Snackers,20.34,2.47,5.68,10,0.687,0.1295,0.0604,0.2828,0.0871,9.4,0,1.52,0,-3.762073929681495,-1.2556902526490967
USR_000423,Casual Snackers,16.29,2.33,3.0,12,0.6837,0.0047,0.3227,0.6121,0.4632,14.1,1,6.5,0,-2.6173341763826343,-1.7486048718801723
USR_001823,Habitual Loyalists,189.17,5.56,33.94,29,0.2413,0.6875,0.857,0.3305,0.6438,35.6,1,6.5,1,2.088957429412182,0.38915909526558007
USR_001943,Exploratory Samplers,88.42,4.39,16.37,12,0.1978,0.641,0.5243,0.9887,0.3576,12.2,0,1.6,3,0.14527673220264883,-0.7633569787463204
USR_002277,Habitual Loyalists,192.62,4.65,49.62,21,0.4019,0.6264,0.8334,0.5755,0.5142,53.4,0,2.07,1,1.1798069690942188,1.089594376258417
USR_002351,Casual Snackers,34.48,1.95,5.53,5,0.7996,0.3089,0.3504,0.4228,0.27,7.6,0,1.82,0,-3.050450435374392,-1.107772008337814
USR_001436,Power Streamers,196.95,9.89,21.3,29,0.1519,0.636,0.4281,0.6234,0.318,45.6,1,6.5,2,1.8859024014520354,-0.5937734156697894
USR_001356,Casual Snackers,50.05,1.58,36.67,10,0.4297,0.4093,0.1071,0.4124,0.1778,14.2,0,1.87,0,-2.6147352411046123,0.44389785474163923
USR_001600,Casual Snackers,55.47,1.88,30.96,3,0.5608,0.506,0.8466,0.3271,0.7689,4.1,0,1.29,1,-0.8944585701345967,0.1740051356565456
USR_001754,Power Streamers,174.57,6.35,27.25,29,0.3038,0.8213,0.5746,0.6214,0.3841,48.6,1,6.5,2,1.6258543661650764,0.06511155750549562
USR_000942,Power Streamers,201.06,7.91,26.43,29,0.1453,0.8498,0.7234,0.5435,0.6186,75.1,1,6.5,2,2.837259166168716,-0.04221639659620956
USR_001651,Casual Snackers,17.47,1.91,7.52,1,0.5931,0.114,0.6946,0.128,0.5587,13.1,0,1.15,0,-2.568212493744337,-1.202653368421839
USR_000963,Casual Snackers,41.27,1.04,33.55,1,0.988,0.276,0.3968,0.3038,0.38,6.9,0,1.89,0,-3.5104603430835644,0.29596652981647753
USR_001778,Exploratory Samplers,118.19,4.09,34.02,12,0.4521,0.5948,0.3203,0.8418,0.2154,17.9,0,1.82,3,-0.8517838750014968,0.24001045577768293
USR_000720,Power Streamers,301.6,8.69,37.44,26,0.0382,0.8759,0.5025,0.7626,0.5446,42.4,1,6.5,2,3.2441226255369964,0.5997476108062306
USR_001260,Power Streamers,212.38,5.9,31.57,27,0.1072,0.7895,0.5546,0.7157,0.412,41.8,0,2.11,2,1.9854267783622237,0.29199079418642054
USR_000415,Casual Snackers,42.04,1.06,46.81,10,0.815,0.3208,0.1597,0.0791,0.2449,14.5,0,1.29,0,-3.5049175261247876,1.0322183597867245
USR_001892,Habitual Loyalists,183.81,6.09,35.73,21,0.3573,0.4958,0.8028,0.7987,0.6998,22.3,0,1.74,1,1.6774382439451643,0.06428954579930744
USR_001056,Habitual Loyalists,166.29,4.75,31.65,27,0.2443,0.8687,0.9429,0.516,0.8504,39.7,1,6.5,1,2.671454501228511,0.3427912095360894
USR_001405,Casual Snackers,12.39,2.64,3.27,15,0.9012,0.1799,0.0666,0.3019,0.0632,9.2,0,2.13,0,-3.7971805009324138,-1.3460409456535636
USR_001949,Casual Snackers,21.73,2.47,6.99,13,0.5265,0.2465,0.1168,0.1108,0.1532,4.2,0,2.02,0,-3.1303502392942035,-1.0542138619252484
USR_002322,Casual Snackers,51.06,1.27,49.32,6,0.5652,0.1795,0.3901,0.5272,0.3347,13.7,0,1.73,0,-2.6529957662793398,0.752458372891383
USR_001666,Power Streamers,171.91,7.58,22.92,27,0.3818,0.6324,0.3486,0.7053,0.2981,53.9,1,6.5,3,0.8922731455054362,-0.3928417477575873
USR_000240,Casual Snackers,64.24,1.77,35.24,9,0.4583,0.3523,0.4776,0.342,0.327,1.3,0,2.07,0,-1.9697053905595192,0.32018197192522874
USR_000253,Exploratory Samplers,98.71,3.45,26.45,22,0.2649,0.3138,0.0924,0.4827,0.107,17.4,0,1.2,3,-1.5284949916757713,-0.22947362579243522
USR_002218,Power Streamers,203.42,10.59,16.48,30,0.388,0.5551,0.5102,0.7224,0.347,56.9,1,6.5,2,1.838056910391288,-0.958518250344197
USR_000174,Power Streamers,207.9,7.37,22.33,27,0.0854,0.7466,0.4487,0.6218,0.5007,34.4,0,1.66,2,2.094159745214127,-0.25582808839941895
USR_000768,Casual Snackers,21.47,1.37,14.46,17,0.5661,0.4237,0.0538,0.1394,0.1466,9.9,0,1.62,0,-2.9691348211438013,-0.4788878970527071
USR_001456,Casual Snackers,18.27,1.31,15.61,12,0.6933,0.2322,0.1395,0.2823,0.2248,10.1,0,0.82,0,-3.3505004652119355,-0.6617271737991066
USR_000238,Power Streamers,180.86,10.4,13.31,30,0.2689,0.5939,0.6099,0.6185,0.3938,66.4,1,6.5,2,2.0756933595312232,-1.0931312773507622
USR_000782,Power Streamers,301.28,8.48,36.29,29,0.0253,1.0,0.4747,0.4965,0.4532,39.1,1,6.5,2,3.1618409964699015,0.8079703728560936
USR_001813,Habitual Loyalists,156.48,4.88,32.04,21,0.1047,0.5494,0.7358,0.408,0.6664,34.6,0,1.52,1,1.3657350943409179,0.13192575787315639
USR_000786,Exploratory Samplers,65.98,4.14,14.9,20,0.7219,0.4678,0.2057,0.8156,0.1859,14.9,0,1.44,3,-1.553496414633737,-0.8472810657163626
USR_000556,Casual Snackers,23.33,1.07,22.42,7,0.7784,0.2575,0.2742,0.2625,0.2787,19.1,1,6.5,0,-3.414987564524472,-0.2787640261626046
USR_000875,Habitual Loyalists,140.62,4.33,26.2,22,0.3437,0.5647,0.8208,0.3636,0.5043,28.1,0,1.86,1,0.718678864877174,-0.047204157796682265
USR_001128,Habitual Loyalists,216.65,7.43,23.11,28,0.1507,0.7916,0.7197,0.2745,0.5788,42.6,1,6.5,2,2.4169048576417818,-0.03769461836986827
USR_000486,Exploratory Samplers,85.25,4.06,20.93,20,0.5839,0.0599,0.3328,0.8147,0.4306,19.1,0,2.1,3,-1.3023325541804445,-0.9826457148868022
USR_000101,Power Streamers,235.32,7.05,35.55,29,0.0329,0.7869,0.7516,0.5326,0.5434,57.8,1,6.5,2,2.837048954605055,0.4605457419812607
USR_000045,Power Streamers,286.91,7.71,31.77,29,0.1643,1.0,0.5487,0.5468,0.4042,58.1,1,6.5,2,2.823956670916113,0.623113338231959
USR_001208,Exploratory Samplers,90.09,4.32,22.74,17,0.8221,0.4035,0.1425,0.7034,0.1398,16.6,0,0.87,3,-2.0520910027563155,-0.4141727766120536
USR_000650,Casual Snackers,29.11,1.47,21.1,5,0.6576,0.1419,0.1942,0.1289,0.1616,2.7,1,6.5,0,-3.845039355491791,-0.3837205134359423
USR_000248,Exploratory Samplers,103.8,4.25,25.51,30,0.5669,0.5417,0.3711,0.8935,0.3319,16.3,0,1.94,3,0.0061685264244092635,-0.35344551395236123
USR_002229,Casual Snackers,30.31,1.22,23.51,10,0.5633,0.2018,0.2748,0.3422,0.2515,8.7,0,2.08,0,-2.9777297668075793,-0.35178479540068797
USR_001540,Exploratory Samplers,76.86,6.23,14.79,20,0.2866,0.4403,0.108,0.8466,0.2936,15.3,0,1.36,3,-0.5062259942189892,-1.0951274752165427
USR_002141,Power Streamers,164.44,6.23,21.66,30,0.1261,0.7291,0.7371,0.3818,0.4791,50.1,0,1.5,1,1.9320640035890977,-0.24412977912530273
USR_000708,Power Streamers,290.92,9.09,28.73,30,0.1411,0.9198,0.8681,0.7539,0.5225,42.2,1,6.5,2,3.8160566863744583,0.1551988265437784
USR_001311,Exploratory Samplers,77.28,3.83,23.55,9,0.745,0.472,0.2341,0.8004,0.2348,15.3,0,0.9,3,-1.9711965590714564,-0.35361632209989496
USR_001392,Power Streamers,285.55,10.25,33.65,29,0.351,0.7914,0.8609,0.7752,0.7048,43.1,1,6.5,2,3.7363918362387403,0.1485284942019546
USR_002181,Power Streamers,217.12,6.48,34.05,29,0.085,0.6944,0.7068,0.4207,0.4993,61.5,1,6.5,2,2.2117519585889,0.3751039463099022
USR_001271,Power Streamers,184.6,8.24,19.81,28,0.4145,0.4219,0.9427,0.5283,0.6132,41.5,1,6.5,1,1.9688354513066135,-0.7893611611386251
USR_001434,Casual Snackers,82.9,2.37,33.91,9,0.6157,0.2342,0.4006,0.481,0.3534,1.0,0,1.62,0,-2.1559524602874554,0.1080784080057583
USR_000887,Exploratory Samplers,133.19,4.09,32.61,24,0.7465,0.3086,0.7294,0.8333,0.497,12.7,0,0.84,3,-0.042569017043746084,-0.15719059338319574
USR_001337,Casual Snackers,12.25,2.07,3.0,9,0.5891,0.2947,0.5352,0.0804,0.3559,6.8,0,1.8,0,-2.5228291276435346,-1.2217547878573678
USR_001928,Habitual Loyalists,136.62,6.81,8.28,24,0.19,0.6048,0.9216,0.3643,0.6959,26.3,0,1.5,1,1.9445605303234164,-1.0971162964150052
USR_001969,Exploratory Samplers,109.19,4.84,14.24,21,0.5078,0.4827,0.4015,0.8782,0.2236,21.8,0,0.82,3,-0.461721225692459,-0.902490037012649
USR_001211,Habitual Loyalists,149.64,7.26,14.17,24,0.2489,0.4165,0.6486,0.3254,0.4751,23.6,0,1.85,1,0.8902866032903702,-0.9183758444539765
USR_000870,Casual Snackers,21.72,1.53,15.29,6,0.9195,0.0384,0.1774,0.4568,0.1595,2.6,0,1.51,0,-4.149636452083805,-0.8859513872873472
USR_001682,Power Streamers,199.53,7.49,29.96,28,0.1435,0.6327,0.6842,0.7034,0.5002,30.8,0,1.63,2,2.233213355731259,-0.10552759525185257
USR_001448,Habitual Loyalists,202.13,6.31,24.99,25,0.3984,0.6657,0.9006,0.6688,0.7058,34.6,0,0.97,1,2.248253469101556,-0.19744333862518793
USR_000730,Habitual Loyalists,169.76,3.76,46.32,25,0.0789,0.67,0.8194,0.5137,0.4973,43.7,0,1.68,1,1.5651122050098258,0.9646196178937041
USR_001768,Casual Snackers,47.9,1.33,43.75,7,0.5715,0.5326,0.3311,0.4431,0.2682,10.2,0,2.07,0,-2.325504901784336,0.8761691137977446
USR_002205,Exploratory Samplers,88.5,3.98,20.84,8,0.3356,0.4502,0.2277,0.931,0.1484,25.5,0,1.36,3,-1.4348958116517825,-0.5800373016274535
USR_001799,Habitual Loyalists,126.32,6.42,13.2,24,0.1153,0.7058,0.5236,0.7215,0.4581,50.0,0,1.73,1,1.4002023508300308,-0.8648656801524741
USR_000810,Power Streamers,242.33,7.17,39.27,30,0.1264,0.843,0.7251,0.6098,0.5829,26.2,0,1.47,2,2.9796953522798173,0.6602621514944649
USR_000441,Power Streamers,151.64,7.01,19.15,30,0.3487,0.4105,0.8145,0.6324,0.5691,38.0,0,1.63,1,1.6137714761730124,-0.8604971407645305
USR_001668,Casual Snackers,16.96,2.98,3.0,5,0.826,0.2519,0.2978,0.3197,0.2218,8.6,0,0.81,0,-3.3481041641006857,-1.3331356903037492
USR_001789,Power Streamers,174.22,7.25,17.45,30,0.2187,0.4743,0.8475,0.3793,0.7202,54.1,1,6.5,1,2.178944199093681,-0.7712102754566192
USR_001162,Habitual Loyalists,132.63,6.35,26.74,23,0.2195,0.5397,0.7778,0.6759,0.4757,26.1,0,1.63,1,1.2996544535556271,-0.37678016382144053
USR_000630,Power Streamers,226.21,8.92,21.7,30,0.337,0.7519,0.8804,0.4264,0.7495,44.6,1,6.5,2,3.0890237345155884,-0.32919749044151136
USR_000652,Power Streamers,223.72,10.38,15.26,30,0.1813,0.708,0.9214,0.5387,0.7301,39.1,1,6.5,2,3.5658244846527367,-0.8564010496672492
USR_001584,Casual Snackers,44.07,0.75,63.17,12,0.8623,0.2496,0.2226,0.4307,0.2647,1.0,0,1.18,0,-3.2479870274006504,1.5627952688799494
USR_001200,Habitual Loyalists,175.04,6.77,19.1,24,0.3442,0.7121,0.8688,0.3909,0.6891,28.6,1,6.5,1,2.005468798620126,-0.39064362738735675
USR_001628,Casual Snackers,36.64,3.72,6.31,10,0.6618,0.3857,0.1561,0.277,0.1347,7.0,0,1.98,0,-2.8371324130012705,-1.0584635996513851
USR_001906,Exploratory Samplers,85.82,5.01,16.33,19,0.6183,0.3126,0.0665,0.8243,0.0852,8.7,1,6.5,3,-1.8285158337268443,-0.9307903063724653
USR_000523,Casual Snackers,57.54,1.41,41.38,21,0.4998,0.1187,0.2783,0.3897,0.2744,7.6,1,6.5,0,-2.264854982490385,0.3519648121951098
USR_000839,Exploratory Samplers,101.32,3.74,32.85,19,0.3917,0.367,0.2347,0.7131,0.2052,6.0,1,6.5,3,-1.1690153974488962,-0.011644136087649576
USR_002239,Exploratory Samplers,93.54,3.58,24.99,15,0.5323,0.4987,0.3841,0.9129,0.2912,26.2,1,6.5,3,-0.9012237363106365,-0.3368444555176378
USR_000980,Casual Snackers,39.35,3.55,11.03,10,0.369,0.1479,0.2457,0.2242,0.1598,10.4,1,6.5,0,-2.669600828665875,-1.08101552908683
USR_000200,Exploratory Samplers,97.87,4.9,13.74,23,0.8538,0.5227,0.1971,0.9496,0.2625,10.8,0,1.24,3,-1.018357155139311,-0.8968937145240234
USR_002139,Habitual Loyalists,138.16,5.31,20.22,25,0.4971,0.6059,0.9248,0.28,0.5657,43.8,0,0.93,1,1.0255168515657807,-0.3349526486077349
USR_001138,Exploratory Samplers,139.62,3.55,44.53,20,0.4909,0.8698,0.2028,0.911,0.2444,16.5,1,6.5,3,-0.1369821616770295,1.0204710654365847
USR_002286,Casual Snackers,47.39,1.88,28.77,7,0.6938,0.2095,0.2873,0.2026,0.3181,8.6,0,1.26,0,-3.0836926461237977,-0.031582462032484236
USR_000351,Habitual Loyalists,216.88,4.92,47.47,29,0.2934,0.5292,0.8929,0.4222,0.653,37.5,0,0.81,1,1.93431263304169,0.9294296849217477
USR_001129,Habitual Loyalists,125.71,6.07,19.33,21,0.0888,0.4999,0.8586,0.5832,0.6056,28.9,0,1.45,1,1.5348708265072255,-0.7448280585764613
USR_001403,Power Streamers,280.15,8.05,35.36,29,0.4108,0.8323,0.6491,0.3747,0.3637,22.8,1,6.5,2,2.147033454024949,0.6946123927433379
USR_002035,Casual Snackers,54.18,2.53,21.77,6,0.4894,0.2099,0.1687,0.3076,0.2378,8.7,0,1.23,0,-2.9212621420553164,-0.4294801393767079
USR_000212,Habitual Loyalists,112.96,6.69,19.86,23,0.157,0.4374,0.5919,0.4297,0.4932,24.8,0,1.55,1,0.7730486446473198,-0.7387833896846366
USR_001871,Exploratory Samplers,82.31,2.88,25.59,21,0.4395,0.4239,0.1941,0.7797,0.1432,13.5,1,6.5,3,-1.3941395145328992,-0.28556509508766914
USR_000822,Habitual Loyalists,140.82,7.9,23.44,22,0.1256,0.5431,0.8438,0.208,0.5227,28.7,0,0.95,1,1.491301153976591,-0.4300746222703556
USR_001074,Power Streamers,215.1,9.62,24.4,27,0.0105,0.8055,0.5967,0.8282,0.4388,44.5,1,6.5,2,2.921925296872023,-0.371449450902814
USR_001964,Casual Snackers,45.3,1.1,46.86,15,0.7625,0.3543,0.0502,0.3867,0.0529,11.1,1,6.5,0,-3.379888866744735,0.9450296488825481
USR_001345,Power Streamers,256.88,6.0,44.78,28,0.0483,0.7699,0.5031,0.6419,0.2903,47.3,0,2.02,2,1.975273740833852,1.0221657167512426
USR_001488,Exploratory Samplers,107.74,3.15,35.83,20,0.4936,0.6548,0.5231,0.768,0.4445,12.7,0,1.36,3,-0.007787729277524441,0.37168311923678343
USR_001160,Habitual Loyalists,225.71,6.43,38.91,20,0.4598,0.7626,0.925,0.2324,0.775,17.3,0,1.86,1,2.0343897783929785,0.7928273585787861
USR_002315,Exploratory Samplers,139.31,2.77,48.48,22,0.6388,0.6056,0.3366,0.7434,0.2559,13.2,0,1.43,3,-0.7230329051880188,1.081055471929355
USR_001597,Casual Snackers,40.56,3.28,13.42,13,0.6315,0.2419,0.2024,0.5156,0.1191,4.3,0,1.78,0,-2.7129575418152294,-0.9582503534843838
USR_002398,Casual Snackers,13.46,2.53,12.18,9,0.6132,0.0945,0.1423,0.1518,0.1234,13.5,0,0.8,0,-3.7060023173592067,-0.9751088603035998
USR_002098,Exploratory Samplers,96.67,5.28,18.23,22,0.5,0.4921,0.5191,0.8199,0.3939,10.9,0,1.9,3,0.03505022304469028,-0.7959186612022229
USR_000462,Casual Snackers,92.82,0.95,99.49,7,0.6955,0.305,0.0307,0.0479,0.0954,9.6,0,1.77,0,-3.7473953982767267,3.594223633010752
USR_001562,Habitual Loyalists,211.19,7.15,34.2,23,0.073,0.8617,0.9015,0.4979,0.6787,34.7,0,1.04,2,2.9339864535035667,0.41210483925244074
USR_002113,Casual Snackers,72.38,1.39,55.49,13,0.657,0.3645,0.5684,0.2848,0.4752,9.2,0,1.81,0,-1.7347817593289196,1.3041632850811835
USR_001015,Exploratory Samplers,35.77,2.85,15.86,14,0.3661,0.328,0.2692,0.9,0.2736,20.2,0,1.58,3,-1.569341586333156,-0.9964904140325591
USR_000297,Power Streamers,188.59,7.13,26.01,27,0.2751,0.8189,0.7523,0.7448,0.617,31.7,0,1.58,2,2.5149088812591747,-0.13055713597201105
USR_001642,Casual Snackers,24.38,1.25,17.71,3,0.7536,0.3298,0.366,0.1093,0.2614,4.0,0,0.88,0,-3.436999656226909,-0.35810749738672176
USR_000791,Casual Snackers,60.17,1.96,32.52,9,0.7763,0.196,0.0598,0.253,0.1103,14.2,0,1.72,0,-3.705127721791178,0.19047916190120223
USR_000788,Exploratory Samplers,76.82,5.67,9.26,25,0.5976,0.2791,0.6344,0.8404,0.3862,24.1,0,1.31,3,-0.18224185052813485,-1.5040141639034512
USR_000930,Habitual Loyalists,99.59,3.68,28.53,26,0.125,0.6299,0.9295,0.5409,0.7763,24.7,0,1.52,1,1.795380099805052,-0.11607915803305086
USR_000197,Habitual Loyalists,189.92,5.2,28.13,27,0.2222,0.6095,0.8516,0.7624,0.6137,30.5,0,1.24,1,2.120109717969245,-0.10822076176527214
USR_001248,Casual Snackers,61.64,1.69,36.19,3,0.4411,0.1941,0.0206,0.1543,0.1693,1.7,0,2.0,0,-3.5534726081096135,0.3978822529818258
USR_001843,Casual Snackers,37.04,2.45,8.04,3,0.9637,0.2285,0.1954,0.1394,0.3693,11.1,1,6.5,0,-3.675988909380433,-0.9401261454432347
USR_000938,Casual Snackers,55.96,2.14,30.24,14,0.684,0.3129,0.3289,0.1318,0.2912,14.2,0,0.82,0,-2.543269659575727,0.136631665409076
USR_000618,Exploratory Samplers,84.51,3.15,28.82,15,0.5228,0.2958,0.7382,0.8019,0.5357,9.3,0,1.83,3,-0.47992558018834935,-0.37423169222191516
USR_000030,Habitual Loyalists,143.19,2.73,56.52,19,0.1327,0.5516,0.8891,0.4919,0.6555,30.7,0,1.87,1,1.0889403804643165,1.3387691298409805
USR_000643,Casual Snackers,31.14,0.5,57.17,10,0.6839,0.2893,0.068,0.5069,0.1243,3.5,0,1.5,0,-3.5221589142292915,1.3041118878018905
USR_002017,Exploratory Samplers,105.59,3.9,19.47,22,0.8171,0.177,0.35,0.653,0.3463,9.4,0,1.06,3,-1.5380844807322063,-0.7646032496611944
USR_001531,Exploratory Samplers,90.71,3.37,28.0,15,0.5187,0.4134,0.3778,0.7881,0.3345,1.0,1,6.5,3,-1.0896514825150876,-0.22283422162497524
USR_000230,Casual Snackers,45.82,1.98,21.82,10,0.5109,0.2559,0.2173,0.1632,0.3448,7.6,0,1.48,0,-2.6704959892114535,-0.33204921074860516
USR_000431,Power Streamers,205.08,9.57,18.99,28,0.3028,0.6077,0.8659,0.6077,0.6609,29.4,1,6.5,2,2.7706858612068292,-0.7541725170882726
USR_000189,Habitual Loyalists,157.67,4.56,38.57,23,0.5146,0.8459,0.6156,0.5231,0.3392,20.2,1,6.5,1,0.6177935690781347,0.8028401828235145
USR_000408,Power Streamers,241.75,11.53,20.31,29,0.3069,0.5634,0.5169,0.7526,0.3861,46.9,1,6.5,2,2.3583788507367625,-0.7839740274126639
USR_002246,Casual Snackers,51.59,1.12,45.76,6,0.5836,0.2476,0.3184,0.166,0.2519,6.8,0,1.77,0,-3.1124903495496254,0.8594068090053295
USR_001767,Power Streamers,283.01,8.05,34.11,29,0.0749,0.9065,0.7907,0.7263,0.5409,34.4,0,0.94,2,3.5522429581148818,0.4604768826206219
USR_000211,Habitual Loyalists,176.59,5.43,26.93,26,0.1193,0.7037,0.8757,0.2617,0.8149,48.7,1,6.5,1,2.3539925493604192,0.06143885291760988
USR_000473,Casual Snackers,32.12,2.04,8.37,17,0.6408,0.433,0.1836,0.1332,0.1289,14.7,1,6.5,0,-2.7647355496369013,-0.7700359123137475
USR_000686,Exploratory Samplers,105.88,4.17,31.35,22,0.6561,0.5187,0.2923,0.8866,0.1967,3.7,0,1.07,3,-0.8930887392425839,-0.017816659890602323
USR_000260,Habitual Loyalists,147.08,6.16,23.31,24,0.3549,0.4025,0.9116,0.4955,0.5634,40.7,0,1.58,1,1.179278389759632,-0.5449593055546711
USR_000603,Power Streamers,215.53,7.86,24.95,27,0.1445,0.9035,0.7023,0.7132,0.6838,42.0,0,2.04,2,3.1129543998070606,-0.09853785394114381
USR_002150,Casual Snackers,63.58,1.92,36.67,10,0.6932,0.4599,0.5075,0.3962,0.5227,1.0,0,1.02,0,-1.6465777555332153,0.44172044240291153
USR_000820,Exploratory Samplers,98.5,3.02,27.55,17,0.4782,0.4114,0.175,0.9122,0.2115,11.1,0,2.19,3,-1.3584876672553172,-0.22841149124589546
USR_001731,Power Streamers,258.1,7.8,33.45,28,0.4188,1.0,0.8299,0.5039,0.684,42.7,1,6.5,2,3.1269422316111117,0.604886769142118
USR_000280,Power Streamers,263.41,6.69,36.67,27,0.2753,0.8711,0.8358,0.8257,0.6595,29.7,0,1.7,2,3.154343657971483,0.5653006973232677
USR_000409,Casual Snackers,52.22,2.59,20.83,4,0.7858,0.3785,0.363,0.4872,0.3747,8.2,0,1.63,0,-2.5339633358041316,-0.3982504250860252
USR_002108,Power Streamers,179.94,9.32,14.72,30,0.122,0.6759,0.7661,0.7138,0.4636,62.6,1,6.5,2,2.665544858804321,-0.9637527941504729
USR_001695,Habitual Loyalists,159.16,6.18,23.32,26,0.5353,0.5563,0.7852,0.676,0.5579,32.6,0,1.58,1,1.2680912660280268,-0.42251555064457036
USR_000941,Casual Snackers,46.58,2.55,17.11,9,0.7437,0.2962,0.4334,0.4529,0.4198,6.6,1,6.5,0,-2.251082507278208,-0.6826539005529096
USR_001394,Casual Snackers,63.38,2.25,33.62,12,0.6281,0.6332,0.2448,0.2702,0.2752,15.8,0,1.34,0,-2.0339238024995128,0.5531480931934218
USR_001738,Casual Snackers,63.96,1.36,43.71,6,0.6955,0.2013,0.2956,0.3953,0.4232,8.1,0,1.18,0,-2.801218058732245,0.6166503203306481
USR_000070,Exploratory Samplers,71.04,3.58,20.58,20,0.7197,0.5648,0.3225,0.5977,0.2656,12.6,0,2.01,3,-1.3208124794950873,-0.367133817783809
USR_002226,Casual Snackers,54.71,0.94,58.78,6,0.5853,0.1473,0.472,0.1287,0.2605,7.4,0,1.12,0,-3.092482243988318,1.3770608019624095
USR_001318,Casual Snackers,78.89,2.2,43.1,12,0.7796,0.2323,0.4925,0.0922,0.3969,10.2,0,0.85,0,-2.4015681176134507,0.7004008858754971
USR_000439,Habitual Loyalists,175.05,5.86,34.97,27,0.2964,0.74,0.7226,0.3692,0.5304,24.9,0,1.54,1,1.6136222115734673,0.46074295830281
USR_001512,Casual Snackers,40.73,2.05,20.9,10,0.6909,0.1716,0.1023,0.4159,0.1634,10.4,0,2.03,0,-3.3732458356707693,-0.5202762552484144
USR_000999,Power Streamers,269.22,8.64,33.86,30,0.231,1.0,0.91,0.6085,0.7034,47.1,1,6.5,2,3.902610161728535,0.4912976720546409
USR_002399,Casual Snackers,67.98,1.66,50.26,17,0.9429,0.4011,0.2316,0.1971,0.2395,8.8,0,1.86,0,-2.8417469501858448,1.2096663239040382
USR_000097,Exploratory Samplers,104.55,3.62,30.77,17,0.6652,0.3783,0.8337,0.9302,0.6797,15.2,0,1.53,3,0.1919366524784745,-0.2769112724371974
USR_000283,Casual Snackers,53.05,2.59,22.35,8,0.4744,0.3096,0.3175,0.4978,0.4116,4.7,0,1.02,0,-1.9847190161868735,-0.4594195177537579
USR_002268,Habitual Loyalists,122.61,5.06,22.16,30,0.191,0.596,0.8851,0.5584,0.5853,33.9,0,1.99,1,1.7677175236172318,-0.4663232408465964
USR_002208,Exploratory Samplers,92.55,3.65,29.6,18,0.6354,0.4387,0.2052,0.9632,0.2337,10.0,0,2.19,3,-1.3152540568827256,-0.18454847011930678
USR_001615,Power Streamers,209.93,7.14,35.73,28,0.1857,0.6144,0.8707,0.5282,0.8375,42.5,0,1.55,1,2.865981054242336,0.20102416122757302
USR_001212,Power Streamers,222.99,9.88,19.98,29,0.1837,0.8637,0.7229,0.7773,0.5838,51.2,0,1.48,2,3.32782507469579,-0.5166626894418247
USR_001166,Power Streamers,294.34,9.52,30.45,27,0.1256,1.0,0.3478,0.3404,0.3004,31.3,0,1.44,2,2.4791421072293023,0.5801573901032883
USR_000928,Power Streamers,235.24,7.61,26.84,28,0.2397,1.0,0.576,0.702,0.5286,44.9,0,1.76,2,2.7727773426858997,0.20034499106731635
USR_001388,Exploratory Samplers,95.91,0.65,143.71,19,0.737,0.5896,0.5497,0.748,0.4374,12.5,1,6.5,3,-0.9894266073830636,5.424992114713672
USR_002182,Power Streamers,210.79,9.48,22.75,30,0.1213,0.7484,0.8653,0.6493,0.7063,57.6,0,2.02,2,3.478441749481787,-0.48921024776805516
USR_001002,Exploratory Samplers,110.99,4.79,24.96,20,0.1825,0.6087,0.7371,0.8571,0.552,1.0,0,2.06,1,1.199078581241836,-0.4100974969930863
USR_001224,Habitual Loyalists,89.26,6.59,11.3,23,0.5819,0.2672,0.947,0.4963,0.6506,23.2,0,1.15,1,0.5705016572239304,-1.3759283552790715
USR_000472,Exploratory Samplers,78.21,4.61,13.47,19,0.5931,0.4942,0.3888,0.8514,0.3608,17.6,0,1.86,3,-0.6440418588280657,-0.973234739703658
USR_000417,Casual Snackers,55.44,1.5,41.51,4,0.7849,0.5593,0.4442,0.3058,0.4897,9.1,0,2.04,0,-2.2242717862125194,0.8611351926618461
USR_000255,Casual Snackers,51.58,1.72,34.77,2,0.5688,0.2697,0.2436,0.0809,0.2906,5.0,0,2.08,0,-3.2451465941937894,0.39014253883872285
USR_001613,Habitual Loyalists,147.26,4.73,30.25,26,0.2123,0.613,0.7675,0.3615,0.5148,30.0,0,1.92,1,1.2098276522244835,0.13814089524695705
USR_000444,Casual Snackers,19.57,2.16,3.65,7,0.5796,0.1986,0.261,0.1288,0.2575,18.3,1,6.5,0,-3.220559441252983,-1.2420720875509557
USR_001057,Power Streamers,237.68,7.71,32.6,29,0.0064,0.9214,0.8103,0.3945,0.6393,29.6,1,6.5,2,3.3486868071911,0.4471697296030612
USR_001473,Casual Snackers,40.25,2.18,20.21,8,0.4834,0.4629,0.1108,0.2948,0.1394,6.1,0,1.36,0,-2.806508154186648,-0.2469572922610249
USR_000252,Power Streamers,222.76,10.26,25.55,30,0.1112,0.7517,0.9174,0.8621,0.82,40.2,1,6.5,2,4.112121383295425,-0.5140803842031818
USR_002308,Exploratory Samplers,91.7,2.36,42.15,30,0.1728,0.4018,0.2249,0.6654,0.2695,12.7,0,1.77,3,-0.47600723684216767,0.4620160347636878
USR_001784,Casual Snackers,26.64,2.51,12.48,10,0.5678,0.3163,0.3151,0.0672,0.3819,12.5,0,2.17,0,-2.5428667097081266,-0.7507858929851984
USR_002043,Habitual Loyalists,98.48,7.79,16.05,23,0.2702,0.4135,0.8733,0.7188,0.7034,18.0,0,1.87,1,1.6473299257654745,-1.2376593125158346
USR_001487,Power Streamers,193.3,9.1,16.76,27,0.2128,0.6185,0.7264,0.5343,0.5903,38.1,0,1.57,2,2.370206312821862,-0.7854419751190118
USR_000760,Exploratory Samplers,85.08,5.65,10.13,21,0.3264,0.4498,0.2836,0.7873,0.1574,25.7,0,1.73,3,-0.5944454489489515,-1.2005976580384434
USR_000901,Exploratory Samplers,108.81,4.69,24.16,9,0.4069,0.4145,0.2696,0.7692,0.2012,25.8,0,0.8,3,-1.3131005475009845,-0.40103058509743883
USR_000434,Power Streamers,273.11,8.91,29.69,26,0.0981,0.8077,0.9547,0.8727,0.8136,60.6,0,1.78,2,4.129260536270956,-0.04010715988704336
USR_002368,Exploratory Samplers,99.04,3.5,26.62,27,0.625,0.4041,0.5589,0.4155,0.4663,15.3,0,1.57,3,-0.43892879179779176,-0.18934511208096919
USR_001365,Exploratory Samplers,45.54,3.71,11.05,18,0.7037,0.4267,0.613,0.8928,0.5272,1.0,1,6.5,3,-0.6205924100517721,-1.2095580730359576
USR_001065,Exploratory Samplers,79.34,3.2,33.66,27,0.7784,0.3621,0.5163,0.7777,0.3453,25.4,0,1.58,3,-0.8771606521643879,-0.05467743508961561
USR_001701,Power Streamers,295.27,9.74,32.22,30,0.5538,0.8866,0.8815,0.5668,0.6054,70.4,0,1.92,2,3.3001253214891104,0.37188370011160277
USR_000638,Habitual Loyalists,159.49,4.72,26.83,24,0.2391,0.5177,0.5896,0.5281,0.5619,42.9,1,6.5,1,0.9542615305272636,-0.13160509090855435
USR_001051,Habitual Loyalists,138.2,6.83,20.94,22,0.12,0.6882,0.8879,0.4115,0.5009,46.4,0,0.84,1,1.7324203634505744,-0.42602137835507325
USR_000931,Exploratory Samplers,89.89,2.35,35.25,14,0.2873,0.5404,0.6417,0.7995,0.3893,17.9,0,1.16,3,-0.2864982390787355,0.23286172355586726
USR_001514,Habitual Loyalists,183.3,7.1,25.2,22,0.045,0.3973,0.4259,0.3916,0.3509,26.7,0,1.56,1,0.727988133798449,-0.34701552380963846
USR_001395,Power Streamers,218.18,9.51,23.24,30,0.2217,0.706,0.8548,0.6819,0.561,39.4,0,1.43,2,3.0557107043050054,-0.4668553211127579
USR_001779,Exploratory Samplers,99.7,3.95,33.2,16,0.5692,0.2645,0.6571,0.4818,0.4579,17.5,0,1.13,3,-0.8506780398557268,-0.05704810344056756
USR_000950,Exploratory Samplers,93.03,3.57,18.34,17,0.4494,0.3229,0.2655,0.7342,0.2735,13.4,0,0.95,3,-1.2968364100148497,-0.7288610050519153
USR_001726,Casual Snackers,29.1,1.47,12.8,15,0.7077,0.0,0.2973,0.1391,0.4336,6.1,0,2.09,0,-3.0381679609231558,-0.993388222560057
USR_000150,Casual Snackers,58.64,1.59,40.02,7,0.687,0.5757,0.0871,0.364,0.0803,12.0,0,1.24,0,-3.064400271648183,0.864443453435333
USR_000209,Casual Snackers,27.92,1.11,18.34,4,0.8858,0.38,0.5059,0.2373,0.4008,17.2,0,1.24,0,-2.9693542410103175,-0.3459198375179953
USR_002197,Casual Snackers,49.56,3.2,14.83,7,0.6038,0.4395,0.2641,0.3353,0.3207,9.3,0,1.84,0,-2.2977951320371206,-0.6143075636123524
USR_000403,Power Streamers,323.34,7.71,39.7,29,0.2387,0.9515,0.873,0.5054,0.5463,39.8,1,6.5,2,3.486400875250988,0.9965613733524081
USR_002342,Casual Snackers,52.57,2.37,16.64,10,0.7023,0.31,0.4049,0.4764,0.3039,10.7,0,2.09,0,-2.3475056533286702,-0.66072148171863
USR_000841,Casual Snackers,41.27,0.74,64.85,10,0.6865,0.1989,0.2408,0.4769,0.1471,9.4,1,6.5,0,-3.329585654634266,1.5654334445894769
USR_000483,Habitual Loyalists,174.83,5.4,34.15,23,0.0835,0.5071,0.7817,0.4958,0.6505,25.9,1,6.5,1,1.694103637754373,0.1381284690065548
USR_001369,Casual Snackers,38.45,0.54,67.74,10,0.6749,0.3495,0.3299,0.2988,0.3359,9.2,1,6.5,0,-2.7949460043749212,1.887771946101745
USR_002249,Exploratory Samplers,96.45,4.09,19.46,21,0.5282,0.5856,0.7292,0.8455,0.6094,16.6,1,6.5,1,0.608277077989255,-0.6232844653272983
USR_000858,Power Streamers,240.16,7.82,34.78,28,0.0321,0.7964,0.7423,0.6175,0.5725,37.6,1,6.5,2,3.0513746897904084,0.34828124587513587
USR_001018,Power Streamers,251.49,8.11,33.82,28,0.1261,0.8265,0.8417,0.7171,0.6011,47.7,1,6.5,2,3.3258012608851653,0.29015129966089703
USR_002094,Casual Snackers,25.32,2.44,8.69,6,0.9006,0.4092,0.2846,0.215,0.3413,5.1,0,1.98,0,-3.088187999353952,-0.8273237884561376
USR_000994,Casual Snackers,17.0,1.43,13.78,12,0.518,0.193,0.1216,0.2255,0.1956,6.1,0,1.64,0,-3.2627449450498047,-0.7859397195614706
USR_002232,Habitual Loyalists,133.09,4.66,21.95,30,0.1993,0.588,0.8335,0.3017,0.6052,22.6,0,2.02,1,1.504385778798952,-0.30556859042429396
USR_002176,Habitual Loyalists,202.65,6.65,27.24,27,0.2407,0.9506,0.8744,0.7433,0.5891,48.2,0,1.51,2,2.888507938026206,0.10908915160291309
USR_000510,Casual Snackers,81.07,0.98,89.91,5,0.8984,0.5573,0.1264,0.6942,0.0986,19.3,1,6.5,0,-3.1598030049621837,3.095195375039026
USR_000388,Power Streamers,222.58,8.64,30.26,30,0.3321,0.9226,0.6325,0.7623,0.4582,47.4,0,1.33,2,2.6956038732515304,0.15538030517043597
USR_000545,Casual Snackers,51.72,1.49,38.72,11,0.62,0.3502,0.2123,0.2443,0.3713,7.4,0,1.41,0,-2.584269583191894,0.5477861519747956
USR_000354,Habitual Loyalists,147.98,6.71,15.48,28,0.3171,0.3504,0.4381,0.5342,0.355,37.2,1,6.5,1,0.43414700743623197,-0.944515901583856
USR_001375,Power Streamers,226.31,7.33,36.54,30,0.0962,0.8069,0.5489,0.4201,0.4404,41.6,0,1.7,2,2.2699073729751102,0.5772347190029089
USR_002148,Power Streamers,246.3,9.42,22.15,28,0.0137,0.7137,0.7895,0.8609,0.6736,43.6,0,0.85,2,3.656222878460239,-0.5497626227265711
USR_001510,Habitual Loyalists,129.39,6.46,23.37,24,0.6656,0.6166,0.7885,0.5467,0.3336,37.8,0,1.72,1,0.4767161170271197,-0.33211280740683846
USR_001221,Casual Snackers,65.61,1.1,57.62,5,0.8398,0.3855,0.1986,0.1486,0.1701,16.1,0,1.42,0,-3.5792489906014326,1.640447131013758
USR_000362,Casual Snackers,14.32,2.25,3.0,8,0.6972,0.1898,0.5036,0.2284,0.5009,7.5,1,6.5,0,-2.527938524902451,-1.40073370241288
USR_000644,Casual Snackers,20.3,1.81,17.14,14,0.7833,0.3117,0.3155,0.07,0.2664,8.5,0,1.06,0,-3.0238886961544527,-0.4733481606031851
USR_000050,Casual Snackers,36.97,1.12,28.69,8,0.4684,0.3625,0.219,0.1172,0.2705,4.0,0,1.41,0,-2.8750939264760005,0.16243818241389457
USR_000068,Exploratory Samplers,41.97,3.36,8.76,22,0.547,0.1962,0.3912,0.7113,0.3711,20.6,0,1.67,3,-1.3616881929437787,-1.4196031745460758
USR_000673,Power Streamers,198.87,9.91,21.59,29,0.1209,0.677,0.8264,0.4895,0.4778,46.0,0,0.83,2,2.7409777718627635,-0.5506439395064935
USR_000049,Habitual Loyalists,132.63,4.92,21.03,22,0.5371,0.4615,0.9011,0.4462,0.665,15.6,1,6.5,1,0.7833919621848356,-0.4921040204053985
USR_001195,Power Streamers,208.73,7.36,34.5,29,0.1395,0.6628,0.7766,0.6446,0.6918,34.3,0,0.88,2,2.7830493051444294,0.1417883680018093
USR_002191,Casual Snackers,58.27,1.27,47.22,8,0.8476,0.36,0.3728,0.0119,0.2624,16.9,0,1.03,0,-3.19739831706187,1.1296980859291506
USR_002367,Casual Snackers,54.58,1.77,37.08,5,0.9052,0.4801,0.2704,0.5235,0.2005,10.2,0,1.46,0,-3.0323136290452957,0.5412984444857325
USR_000799,Habitual Loyalists,139.08,5.95,20.79,23,0.1128,0.6742,0.7488,0.3291,0.664,26.9,1,6.5,1,1.6767893912587608,-0.35673458186920604
USR_000125,Casual Snackers,48.38,1.78,25.19,12,0.776,0.243,0.3791,0.4335,0.3365,9.3,0,2.11,0,-2.5922846118099727,-0.2816715212033226
USR_000481,Exploratory Samplers,97.04,3.97,22.17,13,0.572,0.6254,0.4897,0.9304,0.2856,9.0,0,2.19,3,-0.625787844419657,-0.37031514594840126
USR_000860,Habitual Loyalists,142.58,6.44,26.57,26,0.5091,0.6197,0.7689,0.6416,0.7102,15.2,1,6.5,1,1.5853435722623688,-0.28630545734438984
USR_000355,Exploratory Samplers,73.81,5.69,8.0,19,0.4101,0.3832,0.6663,0.7187,0.4058,17.1,1,6.5,3,-0.04647824376643678,-1.4225621931472765
USR_002204,Casual Snackers,30.24,1.85,20.85,5,0.4216,0.4616,0.2427,0.2766,0.3454,7.9,0,1.14,0,-2.4213811751189387,-0.2548564807117775
USR_000927,Casual Snackers,34.01,1.59,17.32,14,0.3757,0.4937,0.1821,0.2984,0.216,12.3,0,1.96,0,-2.2016268423463856,-0.38169259172434833
USR_001736,Habitual Loyalists,95.23,5.59,17.21,26,0.0632,0.4083,0.8488,0.6445,0.645,27.5,0,2.16,1,1.5393100474883503,-1.0241397068043956
USR_000633,Casual Snackers,16.01,1.82,6.61,4,0.4075,0.064,0.3299,0.1166,0.2569,4.5,0,2.14,0,-3.306366929956948,-1.231288388441662
USR_002152,Casual Snackers,45.11,1.88,19.52,9,0.3484,0.378,0.0406,0.5648,0.1256,1.0,0,1.98,0,-2.6323924395783473,-0.4625069558536227
USR_000479,Habitual Loyalists,161.04,4.92,31.16,24,0.3058,0.6134,0.6438,0.5901,0.5976,26.7,0,2.11,1,1.2295079407391059,0.11371210806599286
USR_000882,Habitual Loyalists,207.87,3.57,61.05,25,0.128,0.7953,0.6415,0.5117,0.4989,48.6,0,1.52,1,1.6040441664115446,1.8872451508287547
USR_001912,Casual Snackers,77.52,1.12,64.08,4,0.7973,0.3274,0.1813,0.2204,0.1647,12.2,0,1.95,0,-3.574126764579676,1.8741137549446252
USR_001267,Casual Snackers,22.2,0.92,24.2,14,0.599,0.1359,0.4008,0.0988,0.4149,9.8,0,2.02,0,-2.754189828737065,-0.32040023519389615
USR_000436,Casual Snackers,22.53,2.06,10.47,6,0.8461,0.4473,0.2942,0.2221,0.2696,7.7,0,1.28,0,-3.1295971037196897,-0.6875225473202856
USR_002001,Power Streamers,273.74,7.98,32.42,29,0.1528,0.6592,0.7882,0.7582,0.575,40.9,1,6.5,2,3.071976010110849,0.12172766627495046
USR_002101,Habitual Loyalists,85.21,5.57,11.61,27,0.2903,0.4239,0.6682,0.447,0.4287,21.5,1,6.5,1,0.4402260644080622,-1.111747150758226
USR_000241,Power Streamers,287.35,7.96,36.85,30,0.1791,1.0,0.6608,0.5141,0.391,46.2,1,6.5,2,2.9921969424564416,0.8393666032771298
USR_000071,Casual Snackers,40.85,1.65,23.45,8,0.6239,0.2818,0.0456,0.1386,0.0,7.3,0,0.85,0,-3.8358250620357577,-0.1074311274312798
USR_000368,Habitual Loyalists,191.13,5.52,35.23,23,0.1001,0.9608,0.984,0.2377,0.7795,21.1,1,6.5,1,2.799927181525042,0.7274934581103019
USR_000433,Habitual Loyalists,159.32,7.24,21.84,27,0.2532,0.7482,0.7451,0.5431,0.6049,42.5,0,0.91,1,2.121526669816246,-0.373820997867619
USR_000074,Casual Snackers,43.01,1.11,37.71,7,0.8171,0.1133,0.014,0.1357,0.2848,1.0,0,1.05,0,-4.045622170682366,0.4148328627051378
USR_001072,Habitual Loyalists,199.42,6.37,36.49,28,0.3028,0.5748,0.758,0.5268,0.6133,24.6,1,6.5,1,1.9048719297627745,0.29857472450833117
USR_002198,Habitual Loyalists,168.97,4.09,47.64,22,0.0539,0.6475,0.6704,0.4278,0.6139,26.0,1,6.5,1,1.410033605939695,1.0209971702744272
USR_000533,Exploratory Samplers,75.7,3.33,22.41,15,0.8202,0.5942,0.0522,0.6931,0.1567,1.0,0,2.08,3,-2.16374104167179,-0.1870899014945194
USR_000555,Casual Snackers,23.33,1.4,17.68,6,0.1935,0.0881,0.3608,0.6865,0.5039,14.4,1,6.5,3,-1.9739684554150547,-1.0021100251183075
USR_001777,Habitual Loyalists,135.91,5.19,23.24,27,0.1655,0.4871,0.6138,0.2197,0.454,9.0,0,0.95,1,0.7129519804822444,-0.2816588497550441
USR_000531,Habitual Loyalists,148.68,3.89,43.37,25,0.1817,0.685,0.8453,0.35,0.5574,20.4,0,1.74,1,1.371514969392811,0.8608008767956877
USR_000933,Exploratory Samplers,93.85,3.98,20.41,13,0.4424,0.3867,0.3537,0.6075,0.2857,19.2,0,2.0,3,-1.2598600757758027,-0.5404485094620787
USR_000158,Habitual Loyalists,176.05,5.05,34.19,19,0.2625,0.4062,0.9108,0.4546,0.6454,25.5,0,1.53,1,1.176036691290776,0.12161064229853479
USR_000611,Habitual Loyalists,204.89,7.11,29.37,30,0.3252,0.7552,0.6269,0.5821,0.5367,34.6,0,0.93,2,2.117259412864557,0.09930860346083736
USR_001870,Power Streamers,223.57,8.81,25.85,28,0.3464,0.8346,0.7866,0.5805,0.5751,10.5,1,6.5,2,2.757641397911713,-0.08149880723108649
USR_001850,Habitual Loyalists,181.34,5.37,28.85,23,0.1089,0.6614,0.4543,0.3637,0.4087,15.8,0,1.05,1,0.9476565673521474,0.20275558588743597
USR_000343,Power Streamers,226.59,10.61,23.74,29,0.204,0.9037,0.7594,0.9014,0.7898,40.4,0,1.77,2,4.001119138303624,-0.44815209912336285
USR_001139,Casual Snackers,25.71,1.26,23.04,1,0.601,0.1631,0.0448,0.3103,0.0113,8.8,0,1.82,0,-4.300414384615755,-0.30088742568247134
USR_000949,Power Streamers,283.81,6.78,39.59,28,0.1518,1.0,0.7105,0.9334,0.4738,55.2,1,6.5,2,3.2781985513799112,0.8370431038758444
USR_001704,Habitual Loyalists,127.96,5.17,24.4,29,0.4207,0.6588,0.8035,0.4814,0.5135,37.0,0,1.14,1,1.2263673011139908,-0.2072199139333063
USR_000669,Exploratory Samplers,68.6,3.14,27.97,12,0.2425,0.3007,0.2893,0.8797,0.3307,15.4,1,6.5,3,-1.2064772052464163,-0.42571885485001054
USR_000052,Casual Snackers,64.11,1.81,35.91,9,0.4523,0.3262,0.1621,0.3438,0.3394,4.7,1,6.5,0,-2.4077805540661767,0.35238163490278895
USR_002022,Casual Snackers,33.05,1.43,24.71,9,0.6791,0.2881,0.4414,0.0712,0.3982,12.5,0,2.14,0,-2.727384421845659,-0.12156033939216729
USR_001865,Habitual Loyalists,143.59,4.62,34.58,23,0.2992,0.4056,0.8868,0.3227,0.6331,28.0,1,6.5,1,0.9238630100480287,0.14702017112872262
USR_000966,Exploratory Samplers,65.61,3.84,14.83,20,0.3695,0.5237,0.7942,0.5674,0.5931,13.6,0,1.76,1,0.3549114010100218,-0.8419970920684897
USR_001966,Casual Snackers,34.93,2.18,15.68,12,0.5919,0.3312,0.093,0.629,0.13,11.1,1,6.5,0,-2.799796936716639,-0.743862775779664
USR_000322,Exploratory Samplers,41.97,3.25,12.44,11,0.5254,0.3703,0.6445,0.6621,0.5654,14.2,0,1.53,3,-0.9254664345543535,-1.07224394213303
USR_002369,Exploratory Samplers,136.35,3.55,33.61,25,0.4484,0.544,0.2785,0.8798,0.2118,1.0,1,6.5,3,-0.3472019456836592,0.19062271816341148
USR_001757,Casual Snackers,72.56,1.64,46.49,17,0.5002,0.3966,0.3097,0.0971,0.2531,5.6,0,1.66,0,-2.1215160028743782,1.020106442633875
USR_000292,Casual Snackers,37.46,2.3,16.4,11,0.5971,0.2665,0.2596,0.2754,0.2564,1.6,1,6.5,0,-2.7396564981696,-0.6466872708974217
USR_001558,Exploratory Samplers,68.97,3.6,12.38,15,0.2915,0.2963,0.3947,0.6135,0.3451,2.5,0,1.52,3,-1.0997243636464065,-1.0697237380668227
USR_002134,Power Streamers,272.51,10.25,30.33,26,0.1474,0.7582,0.6198,0.481,0.4292,66.4,0,1.04,2,2.7303326246433484,0.12710189651183815
USR_000496,Habitual Loyalists,92.98,6.69,6.62,20,0.3595,0.3628,0.4457,0.4713,0.426,27.5,0,1.57,3,-0.1662079168469622,-1.4116025062042057
USR_001685,Casual Snackers,34.68,3.81,5.7,7,0.6786,0.0905,0.1523,0.4107,0.2641,8.0,1,6.5,0,-3.136454142637355,-1.4472979813860565
USR_000480,Exploratory Samplers,109.02,3.91,28.59,18,0.5922,0.2169,0.6477,0.7672,0.5361,12.7,0,1.01,3,-0.4797225499426377,-0.4358321979035605
USR_001421,Habitual Loyalists,206.95,4.73,48.7,23,0.4115,0.6889,0.6693,0.272,0.4778,32.7,0,1.43,1,0.9199730076170449,1.2927867032124192
USR_001548,Habitual Loyalists,139.38,5.17,23.03,24,0.1315,0.4448,0.785,0.456,0.3879,31.6,1,6.5,1,0.8681601554821439,-0.42997785287591866
USR_002202,Power Streamers,148.55,10.11,20.69,29,0.1399,0.3939,0.6127,0.5728,0.4625,36.7,0,1.72,1,1.7849478592048749,-1.0086128922533426
USR_000945,Exploratory Samplers,104.86,2.72,36.16,17,0.6266,0.605,0.534,0.7267,0.5328,20.5,0,1.39,3,-0.35932972006676644,0.3993379093487017
USR_001314,Casual Snackers,3.88,1.55,6.44,12,0.9447,0.1729,0.1559,0.3788,0.2168,8.9,0,1.95,0,-3.7638271740122087,-1.1982760884924402
USR_000300,Habitual Loyalists,192.72,4.78,39.22,26,0.2686,0.6698,0.9002,0.5792,0.7827,26.4,1,6.5,1,2.276577354752234,0.5539492512995318
USR_002115,Casual Snackers,38.93,1.54,25.19,12,0.7304,0.3411,0.1449,0.2407,0.0666,5.6,0,1.2,0,-3.4057145568123697,-0.03912025753593297
USR_000333,Habitual Loyalists,233.12,7.35,27.27,27,0.2941,0.8025,0.8086,0.3242,0.5886,34.0,0,1.75,2,2.4235965840311935,0.19803432739906884
USR_000680,Exploratory Samplers,120.23,3.11,34.84,13,0.354,0.5701,0.3238,0.8157,0.1999,11.9,0,1.22,3,-0.8809716786388417,0.3300806113818601
USR_000465,Habitual Loyalists,109.37,3.74,29.4,26,0.3095,0.54,0.8598,0.3976,0.5439,32.7,1,6.5,1,0.8190851612083527,-0.003933676125482548
USR_001935,Habitual Loyalists,142.24,5.21,22.7,28,0.1073,0.439,0.7709,0.2701,0.5264,29.2,0,1.13,1,1.1879505215296922,-0.4029721288132951
USR_001743,Casual Snackers,61.94,2.51,25.92,8,0.8898,0.38,0.361,0.0651,0.2571,12.6,1,6.5,0,-2.9982926071056086,0.0774310007094543
USR_000221,Exploratory Samplers,104.76,5.26,17.69,20,0.4077,0.4082,0.5405,0.5897,0.3336,24.3,0,1.6,3,-0.2711180619626624,-0.7693626180130613
USR_001857,Casual Snackers,50.97,2.82,15.99,9,0.5697,0.1585,0.4687,0.5684,0.3935,18.3,0,0.93,0,-2.06081476426683,-0.951749437052897
USR_001379,Habitual Loyalists,146.78,6.35,23.95,30,0.1442,0.4002,0.4075,0.3807,0.3895,15.5,1,6.5,1,0.6986305801000595,-0.45148110140160197
USR_002295,Exploratory Samplers,91.99,2.78,41.19,23,0.299,0.5571,0.5226,0.7361,0.4909,8.7,1,6.5,3,0.18375351879271612,0.47968921739092335
USR_002396,Power Streamers,268.42,9.61,26.98,28,0.0137,0.9697,0.8116,0.5149,0.7402,51.2,0,1.61,2,4.085080856241321,0.09889828465988598
USR_000085,Casual Snackers,59.54,1.31,45.32,6,0.7603,0.2225,0.2513,0.1628,0.1946,9.7,0,1.88,0,-3.5402496948509463,0.8633568874542179
USR_001897,Habitual Loyalists,151.6,4.17,35.09,26,0.1764,0.5943,0.9484,0.7636,0.5137,40.1,0,1.36,1,1.7213627653440942,0.1837811997540121
USR_001880,Habitual Loyalists,141.08,5.18,22.12,27,0.5287,0.4278,0.892,0.8117,0.7435,19.6,0,1.49,1,1.4623192124130582,-0.6775621345253796
USR_001977,Exploratory Samplers,95.0,2.24,42.8,21,0.653,0.4873,0.2712,0.726,0.262,6.6,0,1.45,3,-1.3698039538743243,0.6635218181640642
USR_000110,Power Streamers,159.87,6.86,22.38,27,0.2154,0.4863,0.73,0.6402,0.6338,48.0,0,1.7,1,1.8126249676960153,-0.6216537962601952
USR_000857,Habitual Loyalists,145.28,4.37,32.91,28,0.2466,0.4738,0.6798,0.3348,0.6599,28.3,0,1.03,1,1.08539232467426,0.14278662126701386
USR_000783,Exploratory Samplers,133.86,2.06,60.14,28,0.6338,0.4675,0.3389,0.8127,0.3221,24.5,0,2.17,3,-0.6202692379814639,1.4515891664555463
USR_000291,Power Streamers,305.24,8.6,31.05,30,0.2005,1.0,0.8883,0.6432,0.6147,39.2,1,6.5,2,3.961227818777837,0.4508631223988843
USR_002005,Casual Snackers,35.75,2.46,7.81,18,0.756,0.1648,0.0593,0.5686,0.036,7.9,0,0.84,0,-3.235837982776586,-1.2343969017487502
USR_001243,Exploratory Samplers,69.75,3.61,30.42,16,0.3718,0.3598,0.2562,0.9636,0.2733,24.7,0,1.65,3,-1.1255568976597983,-0.31537767670808187
USR_001939,Casual Snackers,40.67,1.33,28.97,14,0.8559,0.2745,0.141,0.0821,0.1755,12.2,0,1.33,0,-3.558232900099881,0.15405343526194906
USR_000832,Habitual Loyalists,201.63,7.96,30.13,28,0.3777,0.7465,0.8919,0.6254,0.6525,44.7,1,6.5,2,2.649710157077554,0.00040185772101618197
USR_000411,Habitual Loyalists,212.42,5.55,28.85,25,0.581,0.8547,0.4441,0.5591,0.4887,24.1,0,1.63,1,1.114389028013667,0.40309828732718966
USR_001196,Casual Snackers,39.28,1.62,31.33,6,0.6551,0.2543,0.171,0.6304,0.0689,6.0,0,2.05,0,-3.363692970332574,-0.01637954701249616
USR_001815,Power Streamers,228.13,9.53,30.02,27,0.0405,0.6271,0.5805,0.7439,0.4005,47.6,0,1.84,2,2.4899024560989345,-0.19579970600698213
USR_002383,Casual Snackers,63.25,1.4,47.05,17,0.9511,0.1677,0.5595,0.3683,0.3651,13.4,0,0.8,0,-2.4783612031762843,0.7155017463549059
USR_000612,Habitual Loyalists,187.27,5.78,28.59,24,0.2146,0.7584,0.9072,0.2872,0.666,14.8,0,1.71,1,2.1096074019747295,0.22003372185896616
USR_000213,Casual Snackers,32.97,3.14,11.88,8,0.5251,0.227,0.3208,0.2634,0.2925,6.0,0,0.88,0,-2.5902292115191514,-0.9696062542433613
USR_000745,Habitual Loyalists,227.83,5.82,46.78,28,0.2476,1.0,0.9549,0.4892,0.7267,61.0,1,6.5,2,3.1593297226472457,1.2515478741304535
USR_002386,Habitual Loyalists,127.75,4.45,27.29,23,0.4875,0.5542,0.693,0.4091,0.4461,42.0,0,1.79,1,0.2450634245979339,-0.029502909225979288
USR_000651,Exploratory Samplers,91.83,4.13,13.37,16,0.6179,0.5728,0.3619,0.9332,0.2496,25.3,1,6.5,3,-0.8732649909033795,-0.8332015218351623
USR_000757,Exploratory Samplers,43.15,3.46,10.32,17,0.3673,0.2503,0.4291,0.895,0.2765,27.0,0,1.21,3,-1.2016660127149275,-1.3789485111803954
USR_002392,Habitual Loyalists,137.38,5.29,27.03,24,0.4095,0.6726,0.8875,0.6538,0.6003,41.6,0,1.8,1,1.4984937881282179,-0.1448129998331192
USR_001042,Habitual Loyalists,200.4,8.68,22.6,25,0.3465,0.7222,0.7078,0.4274,0.5824,30.3,1,6.5,2,2.0936207743945623,-0.2919047649811783
USR_001899,Casual Snackers,45.91,2.18,22.99,15,0.6267,0.4003,0.0888,0.4218,0.1293,6.7,0,2.09,0,-2.7148611898844486,-0.23039661072132314
USR_001689,Habitual Loyalists,124.84,4.82,23.31,24,0.3417,0.3495,0.8203,0.6216,0.6237,39.8,1,6.5,1,0.8793723280456706,-0.6074085971423623
USR_000019,Power Streamers,151.74,8.47,27.75,28,0.1194,0.7464,0.8061,0.6445,0.5357,43.2,0,0.97,2,2.5438437539773204,-0.2837069745616857
USR_000789,Power Streamers,296.48,8.09,37.6,30,0.0799,0.996,0.7796,0.6944,0.553,71.6,0,1.71,2,3.7872663790972876,0.744343766508068
USR_001363,Habitual Loyalists,217.4,6.46,35.45,20,0.4364,0.8591,0.6548,0.2445,0.5172,42.5,1,6.5,1,1.361878773392436,0.7687699612537582
USR_002072,Exploratory Samplers,117.83,3.37,33.45,16,0.6101,0.2598,0.1252,0.6958,0.085,10.4,0,1.75,3,-2.1510352841155895,0.06521764133825611
USR_001000,Exploratory Samplers,146.46,4.46,35.09,23,0.3034,0.5654,0.4331,0.759,0.1945,19.9,1,6.5,3,0.08370105475923754,0.26355342347019434
USR_000743,Power Streamers,255.68,10.87,22.57,30,0.1202,0.8338,0.9267,0.6388,0.8139,38.3,1,6.5,2,4.319197255328516,-0.4338925553252593
USR_001875,Power Streamers,303.96,9.51,30.15,29,0.0588,0.9675,0.9014,0.7314,0.8035,40.7,1,6.5,2,4.62550352672803,0.2163604554822009
USR_000077,Exploratory Samplers,71.64,6.18,8.37,18,0.3325,0.2597,0.3189,0.8144,0.2037,11.3,1,6.5,3,-0.8785335887515326,-1.5454067243056813
USR_000451,Casual Snackers,41.51,1.59,37.49,11,0.7639,0.3271,0.2452,0.175,0.234,9.6,1,6.5,0,-3.1209076144496777,0.5095017857817904
USR_001312,Power Streamers,322.28,7.04,42.22,28,0.1005,1.0,0.7118,0.7077,0.5305,49.7,1,6.5,2,3.5160536544853533,1.117294239388435
USR_002074,Power Streamers,182.62,8.83,26.03,28,0.1737,0.2268,0.8036,0.3638,0.6241,34.4,0,0.98,1,1.7927673320712885,-0.6867472004959856
USR_001414,Power Streamers,221.96,7.71,26.49,29,0.122,0.8624,0.6981,0.6311,0.5634,48.8,0,1.07,2,2.8992487790929204,0.006752157058988772
USR_000862,Habitual Loyalists,230.6,4.19,61.35,19,0.2007,0.6857,0.7152,0.2869,0.6088,30.6,1,6.5,1,1.3790809168844553,1.916914953752314
USR_000169,Exploratory Samplers,92.63,2.52,35.81,24,0.2935,0.531,0.5219,0.8026,0.5557,19.3,1,6.5,3,0.32899775745298665,0.18490752064646346
USR_001993,Exploratory Samplers,120.19,2.58,49.65,16,0.5657,0.5447,0.3092,0.6743,0.3077,9.7,0,1.3,3,-1.1139210787930371,1.0855829706117244
USR_000606,Power Streamers,140.95,7.03,17.77,26,0.1367,0.5756,0.8675,0.4576,0.6566,59.1,1,6.5,1,2.0466815497862,-0.7461319667171712
USR_001226,Power Streamers,229.98,7.06,27.69,30,0.1714,0.7172,0.7636,0.5617,0.6962,32.3,1,6.5,2,2.8600628646860717,-0.002554832293188082
USR_002061,Power Streamers,203.34,9.12,21.61,30,0.1576,0.4616,0.8086,0.6049,0.6513,39.0,0,1.27,1,2.6698090449977046,-0.7635581941021738
USR_000220,Exploratory Samplers,76.29,4.16,15.46,19,0.549,0.3678,0.2938,0.8429,0.0826,17.3,0,1.02,3,-1.4926571527122638,-0.9180333457465111
USR_000614,Power Streamers,254.19,9.14,27.67,28,0.1052,0.7657,0.3614,0.4595,0.5097,38.5,1,6.5,2,2.411074775282321,0.06334026076516598
USR_001386,Casual Snackers,36.67,1.47,22.14,10,0.7031,0.2789,0.1965,0.3033,0.2504,1.7,0,1.89,0,-3.130130700487469,-0.2983151518933124
USR_001536,Exploratory Samplers,78.38,3.88,13.84,9,0.6161,0.3118,0.4723,0.5302,0.3664,12.3,0,1.09,3,-1.6606220885702982,-0.8899357374210675
USR_000304,Habitual Loyalists,206.12,7.04,30.39,25,0.0801,0.6977,0.7028,0.4583,0.5168,40.6,0,0.87,2,2.123363034859719,0.13850292005224188
USR_001573,Habitual Loyalists,161.02,4.46,36.84,24,0.2308,0.6091,0.6039,0.5792,0.4873,18.4,0,1.15,1,1.0003465294851566,0.42067757085950397
USR_001250,Power Streamers,223.59,10.1,13.31,28,0.0484,0.6791,0.8179,0.3786,0.6558,39.8,0,1.09,2,3.182902874480178,-0.8639939330404569
USR_000989,Exploratory Samplers,51.2,4.73,15.09,12,0.6135,0.1277,0.449,0.5624,0.3916,8.0,0,1.64,3,-1.7799027592255305,-1.1688148898801887
USR_001559,Habitual Loyalists,167.03,4.36,37.73,30,0.2877,0.606,0.9576,0.6036,0.7299,46.6,1,6.5,1,2.145104117465493,0.3727881619238257
USR_002105,Habitual Loyalists,196.41,3.86,51.28,24,0.1702,0.5389,0.8025,0.6236,0.5831,50.5,0,1.22,1,1.5376579924429445,1.075701806301329
USR_001852,Power Streamers,156.07,5.88,26.18,25,0.0859,0.4771,0.5054,0.5211,0.2219,44.2,0,1.63,1,0.58994582749432,-0.25239502112779233
USR_000914,Power Streamers,375.06,8.01,52.85,28,0.0415,1.0,0.8957,0.8467,0.6768,44.3,1,6.5,2,4.629916747099678,1.5373461584720034
USR_000801,Habitual Loyalists,113.82,5.03,27.63,27,0.3515,0.6038,0.8252,0.7682,0.6583,13.1,0,1.39,1,1.561739888524155,-0.296998233485295
USR_001111,Casual Snackers,45.56,2.5,16.43,11,0.8347,0.375,0.4584,0.2393,0.366,11.2,0,0.98,0,-2.403817363435605,-0.5276674350126256
USR_001881,Habitual Loyalists,131.89,6.96,13.7,26,0.2288,0.5266,0.7598,0.6724,0.5409,20.1,0,1.41,1,1.5879482180645992,-1.0496832936713498
USR_000369,Exploratory Samplers,42.97,2.68,12.35,5,0.6437,0.1541,0.0806,0.5609,0.1218,1.0,0,1.98,0,-3.44814822103424,-1.0118103195265182
USR_000232,Exploratory Samplers,63.66,4.63,9.93,22,0.5805,0.1817,0.1915,0.9194,0.0794,10.1,0,1.35,3,-1.7723025087154578,-1.4453349371026107
USR_001846,Habitual Loyalists,161.89,6.73,33.4,27,0.3383,0.5762,0.7132,0.7389,0.6042,25.3,0,1.57,1,1.7592562410792933,-0.04158192403194056
USR_000136,Casual Snackers,29.96,1.74,17.46,9,0.8413,0.1343,0.3207,0.2869,0.2405,12.7,1,6.5,0,-3.458629955810317,-0.6661922386392074
USR_000026,Casual Snackers,52.3,0.51,103.86,6,0.5484,0.3921,0.1086,0.2439,0.1619,8.0,0,1.53,0,-3.336236419051459,3.6848135529592945
USR_001171,Exploratory Samplers,168.95,3.8,55.15,20,0.4182,0.6378,0.4482,0.8946,0.4605,7.3,0,1.32,3,0.494778442738057,1.2689733697245231
USR_001280,Habitual Loyalists,207.58,5.78,41.89,24,0.3106,0.6382,0.856,0.5949,0.5821,39.7,0,1.12,1,1.8882654709289948,0.6506929234536232
USR_000890,Habitual Loyalists,156.95,6.31,26.44,28,0.3105,0.5155,0.6486,0.1557,0.4874,28.6,1,6.5,1,0.9234901413610136,-0.10751296062077875
USR_002093,Habitual Loyalists,158.48,4.93,40.42,23,0.3023,0.5265,0.8031,0.2355,0.6305,39.8,1,6.5,1,1.0433450134320321,0.5902165911944287
USR_000974,Power Streamers,263.54,8.32,31.76,29,0.1101,1.0,0.801,0.5576,0.4909,42.5,1,6.5,2,3.3888081577142715,0.46511267720733984
USR_000193,Casual Snackers,44.27,1.34,34.79,10,0.4268,0.3022,0.1378,0.2182,0.0576,5.3,1,6.5,0,-3.1650330103840734,0.3673257468265162
USR_000290,Casual Snackers,35.27,1.96,13.53,14,0.6688,0.4054,0.4619,0.1456,0.3731,11.7,0,1.15,0,-2.158180697598309,-0.6083566636435437
USR_000787,Power Streamers,236.41,7.19,33.65,27,0.2479,0.7882,0.4504,0.688,0.2677,42.8,0,2.01,2,1.6682786460696553,0.4130722824676447
USR_001450,Casual Snackers,31.7,1.88,19.04,7,0.6888,0.283,0.2323,0.199,0.2522,9.1,0,1.82,0,-3.2308890154255474,-0.4241197487999279
USR_001367,Casual Snackers,17.56,0.2,87.27,4,0.9034,0.3087,0.24,0.3745,0.3487,1.3,0,1.06,0,-3.6819193208100103,2.742331837027141
USR_001730,Exploratory Samplers,112.83,3.5,26.7,26,0.6947,0.6418,0.6655,0.8823,0.4045,11.0,0,2.2,3,0.24915530367820915,-0.12873618198254677
USR_001086,Habitual Loyalists,118.88,5.81,25.18,25,0.1212,0.6678,0.7246,0.4887,0.4638,33.1,0,1.16,1,1.3529685224814623,-0.2457112331679439
USR_000737,Casual Snackers,23.92,1.34,19.03,10,0.624,0.2364,0.0377,0.0464,0.0164,1.0,1,6.5,0,-3.996319309808664,-0.3366962494374659
USR_000874,Exploratory Samplers,118.77,3.96,28.87,19,0.8405,0.5966,0.2334,0.6671,0.2885,24.4,0,1.85,3,-1.2299455817030418,0.12138076688271705
USR_000129,Casual Snackers,56.77,2.68,25.29,9,0.678,0.3922,0.2021,0.0216,0.2232,8.0,1,6.5,0,-2.9339760368200056,0.04387226896292302
USR_002010,Habitual Loyalists,135.17,7.32,18.48,24,0.365,0.6759,0.9118,0.4387,0.708,55.6,0,2.13,1,1.9301079091927043,-0.6189079272176669
USR_001994,Casual Snackers,23.56,1.51,17.18,8,0.8544,0.3307,0.2729,0.0556,0.2574,5.2,0,1.02,0,-3.491885659340029,-0.3746822254257727
USR_000678,Exploratory Samplers,126.54,3.49,39.64,18,0.1989,0.4015,0.5836,0.7606,0.468,10.0,0,1.83,3,0.19467539241255188,0.28347594513285834
USR_001495,Exploratory Samplers,78.31,4.15,22.03,24,0.6227,0.4472,0.225,0.9472,0.1965,6.9,0,0.92,3,-1.0483574228660284,-0.6088956928256373
USR_000234,Habitual Loyalists,194.56,4.46,50.28,26,0.0295,0.6001,0.8769,0.4489,0.7613,27.9,0,2.03,1,2.303971899821917,1.0524809897757166
USR_000811,Casual Snackers,45.62,2.23,19.53,10,0.6171,0.3692,0.2259,0.0528,0.4207,13.7,0,1.34,0,-2.5458638054064178,-0.2958930051957648
USR_000308,Habitual Loyalists,182.62,6.4,28.19,24,0.1302,0.5061,0.7166,0.6423,0.532,26.5,1,6.5,1,1.672849061594022,-0.22980270352976215
USR_000509,Exploratory Samplers,120.44,4.48,29.17,19,0.562,0.4094,0.2958,0.7922,0.4553,7.3,0,0.96,3,-0.5510474364520228,-0.21077250002775966
USR_001630,Exploratory Samplers,96.67,5.59,22.43,22,0.5237,0.4693,0.1815,0.5521,0.1732,1.0,0,1.45,3,-1.0543433421814044,-0.44955165112726114
USR_000384,Exploratory Samplers,145.14,3.35,46.52,15,0.2512,0.3744,0.4268,0.7775,0.2722,13.5,1,6.5,3,-0.5485575594889118,0.6885567431262862
USR_002058,Exploratory Samplers,94.38,3.92,24.27,22,0.4965,0.4903,0.5765,0.7867,0.3894,14.0,0,1.44,3,-0.13615573551301746,-0.41494045749297914
USR_000943,Casual Snackers,70.92,2.39,22.72,9,0.6965,0.586,0.4043,0.2367,0.2674,7.2,0,1.95,0,-2.104857521947322,0.04193080289771328
USR_002223,Exploratory Samplers,111.87,4.28,25.06,24,0.0827,0.5173,0.2523,0.9726,0.182,13.0,1,6.5,3,0.07321567067188653,-0.42082202216608056
USR_000508,Power Streamers,237.82,6.12,42.05,28,0.1984,0.8096,0.7,0.7601,0.6051,52.6,1,6.5,2,2.6655456715570565,0.7722245600348109
USR_000178,Power Streamers,258.95,10.66,18.49,30,0.3164,0.7499,0.4927,0.3882,0.224,70.6,0,1.12,2,2.041265708977654,-0.38529490975804037
USR_000427,Casual Snackers,76.23,0.7,107.54,4,0.5856,0.3235,0.0869,0.8085,0.0482,10.3,1,6.5,0,-3.248710623457315,3.6046015796557933
USR_001581,Power Streamers,236.15,8.5,33.24,29,0.1292,0.9402,0.8272,0.8653,0.6851,69.9,1,6.5,2,3.772948702990434,0.22001510800649254
USR_000695,Power Streamers,256.82,8.06,32.04,29,0.2501,0.8437,0.9137,0.4926,0.6277,56.1,1,6.5,2,3.2131910972875724,0.34700064964997596
USR_002127,Exploratory Samplers,112.57,3.65,38.39,17,0.6009,0.5906,0.2347,0.8729,0.3349,14.6,0,2.05,3,-0.82112913888656,0.4290831604859145
USR_000185,Habitual Loyalists,205.79,4.65,50.21,28,0.1898,0.6766,0.841,0.5529,0.6283,24.1,1,6.5,1,2.15954310202881,1.12720606331621
USR_001785,Casual Snackers,50.7,1.61,34.89,8,0.5771,0.1882,0.0925,0.251,0.1984,7.2,0,1.07,0,-3.371700324809257,0.25344843389480226
USR_002168,Exploratory Samplers,81.02,4.08,17.48,10,0.4408,0.4336,0.4965,0.7496,0.3964,4.0,0,1.49,3,-0.8680719574647326,-0.7551845273056808
USR_001809,Exploratory Samplers,142.35,3.99,38.82,15,0.3328,0.4845,0.1923,0.7315,0.3513,17.9,0,1.58,3,-0.6245317995120401,0.4317218069177371
USR_002258,Power Streamers,278.22,11.43,24.94,30,0.0704,0.917,0.9227,0.445,0.6565,58.1,0,1.21,2,4.2858446032427935,-0.12532852588139123
USR_000299,Habitual Loyalists,233.77,4.95,46.52,23,0.2362,0.9525,0.6271,0.5056,0.5021,19.2,0,1.04,2,1.9265659204174737,1.360527464149352
USR_001037,Exploratory Samplers,87.99,3.39,30.41,24,0.8017,0.4757,0.7329,0.9136,0.6074,10.1,0,1.42,3,0.07288050823871815,-0.20264214353665697
USR_001001,Casual Snackers,40.45,2.06,18.33,14,0.9153,0.3078,0.2622,0.1345,0.4301,11.5,1,6.5,0,-2.816934666733833,-0.426751956822112
USR_000622,Exploratory Samplers,124.75,3.02,45.37,21,0.4603,0.5257,0.1855,0.6842,0.1875,8.4,1,6.5,3,-1.043340023863956,0.8435284674583348
USR_002131,Casual Snackers,49.58,2.89,12.89,9,0.5427,0.3652,0.3356,0.4106,0.403,4.8,0,1.17,0,-1.975444672717191,-0.8229328298303329
USR_002320,Power Streamers,276.88,7.6,32.34,30,0.0894,0.7831,0.7982,0.625,0.6321,37.4,1,6.5,2,3.380686717593522,0.3104092013316099
USR_000582,Habitual Loyalists,171.36,6.43,21.01,27,0.2795,0.7236,0.62,0.5054,0.4995,35.8,0,0.94,1,1.59318036326314,-0.2914698771582836
USR_001967,Habitual Loyalists,114.61,4.7,25.63,25,0.2764,0.4559,0.8428,0.2756,0.5204,41.7,1,6.5,1,0.702415664957787,-0.25442895694253226
USR_000179,Power Streamers,183.5,6.14,28.58,30,0.2866,0.5737,0.6768,0.8268,0.4751,45.5,1,6.5,1,1.7782059661520608,-0.20037276473511428
USR_002175,Exploratory Samplers,121.12,3.86,34.18,19,0.4668,0.5253,0.2611,0.7102,0.2772,22.9,0,2.07,3,-0.7489166561179015,0.23509049591785322
USR_000325,Power Streamers,240.33,10.72,31.85,28,0.3357,0.8289,0.805,0.7399,0.5983,39.9,0,1.57,2,3.322013995803438,-0.0006161772697655217
USR_000566,Habitual Loyalists,157.1,5.94,21.02,27,0.3904,0.6551,0.6495,0.3321,0.3794,20.2,0,1.73,1,0.8702345053969283,-0.24035971123963962
USR_001238,Exploratory Samplers,73.69,5.63,11.9,21,0.5205,0.1915,0.2962,0.8271,0.3366,19.4,0,1.78,3,-0.9809463644727453,-1.4150817564855704
USR_001341,Casual Snackers,65.08,1.32,39.46,3,0.7555,0.4063,0.3062,0.1608,0.3156,10.9,0,0.96,0,-3.0594581427471823,0.7708405474894637
USR_000565,Habitual Loyalists,156.2,4.96,36.49,25,0.5063,0.7087,0.8873,0.6901,0.6595,27.7,1,6.5,1,1.6338766556613655,0.3731684694888506
USR_000119,Exploratory Samplers,73.18,5.27,9.81,15,0.6498,0.527,0.6941,0.9276,0.5635,1.0,1,6.5,3,0.05528366069617713,-1.2487373274638145
USR_000487,Exploratory Samplers,60.52,3.46,20.89,15,0.337,0.4821,0.5212,0.7353,0.4242,10.0,1,6.5,3,-0.5313296365523348,-0.5924415952523526
USR_001293,Habitual Loyalists,167.89,6.8,24.58,22,0.6198,0.4748,0.6623,0.8768,0.5818,11.2,1,6.5,1,0.9922222072166467,-0.5241713768026007
USR_000282,Casual Snackers,32.51,2.72,10.59,8,0.7875,0.3613,0.2455,0.2596,0.2781,2.1,0,1.12,0,-2.9603497080993804,-0.8204333419037247
USR_001455,Exploratory Samplers,77.04,2.34,32.57,12,0.7511,0.4432,0.137,0.6392,0.1418,13.9,0,1.92,0,-2.5387397936053326,0.23158382896314492
USR_000529,Habitual Loyalists,139.62,5.17,27.11,30,0.3053,0.6868,0.9708,0.4555,0.8905,35.1,0,1.35,1,2.429054544646825,-0.11948087561364289
USR_001647,Exploratory Samplers,93.18,4.21,20.07,18,0.3881,0.3085,0.381,0.6263,0.3923,10.2,0,1.96,3,-0.7972447860169861,-0.7079363566343004
USR_000655,Power Streamers,177.47,7.64,28.55,28,0.0254,0.6779,0.5803,0.6681,0.4597,60.8,0,1.1,2,2.1483380103701273,-0.17374257987842254
USR_000835,Habitual Loyalists,164.47,4.81,42.03,29,0.0914,0.5804,0.8207,0.3315,0.6479,28.5,1,6.5,1,1.8571396400787206,0.6344702945342757
USR_001362,Exploratory Samplers,107.63,2.27,57.09,14,0.3942,0.2521,0.3134,0.9272,0.2811,16.5,0,1.06,3,-1.38046871536838,1.010323950982178
USR_002037,Power Streamers,233.38,10.94,25.51,30,0.0856,0.8517,0.6794,0.6503,0.4963,48.8,1,6.5,2,3.3958324782166027,-0.27216790937984353
USR_001868,Casual Snackers,32.35,3.21,5.68,11,0.7326,0.1439,0.3573,0.2483,0.2984,5.0,1,6.5,0,-2.8274696535015122,-1.319060920068493
USR_001462,Habitual Loyalists,184.23,5.38,27.38,28,0.3735,0.4889,0.7624,0.3527,0.7208,33.4,0,1.35,1,1.5093980051434432,-0.08700765482205258
USR_000977,Exploratory Samplers,95.57,3.56,29.41,18,0.2144,0.3626,0.4243,0.8913,0.3012,13.0,0,1.83,3,-0.4482549966021332,-0.3120481208965487
USR_000619,Casual Snackers,38.83,2.27,18.2,11,0.6786,0.3053,0.1188,0.3489,0.046,7.7,1,6.5,0,-3.3106195635833666,-0.49398496761900834
USR_001727,Exploratory Samplers,65.44,3.49,20.07,17,0.6567,0.2545,0.4495,0.8733,0.3475,1.0,1,6.5,3,-1.369228329247757,-0.8435064516034912
USR_000367,Habitual Loyalists,230.16,4.68,51.29,20,0.1915,0.7631,0.8129,0.3324,0.5931,23.4,1,6.5,1,1.778662430762566,1.4601755396616518
USR_001222,Casual Snackers,34.42,1.69,26.95,7,0.7678,0.315,0.3515,0.1834,0.3437,5.1,0,1.82,0,-2.9987928031039814,-0.022791476944718565
USR_002273,Habitual Loyalists,191.99,2.67,69.49,29,0.3115,0.7586,0.6907,0.6621,0.4273,26.8,1,6.5,1,1.2976216860207017,2.2128626207449353
USR_000044,Exploratory Samplers,97.2,4.95,21.22,18,0.3449,0.1131,0.3661,0.7653,0.3149,9.6,0,1.91,3,-0.9649711504245108,-0.9440424941210042
USR_000734,Exploratory Samplers,70.24,3.22,21.74,26,0.6855,0.4906,0.5448,0.9346,0.471,10.1,0,0.84,3,-0.23777052499444168,-0.6038596534969566
USR_002219,Power Streamers,292.4,8.97,34.68,30,0.182,0.8678,0.834,0.5903,0.6588,43.2,1,6.5,2,3.7328184863294,0.45090141436821746
USR_001833,Exploratory Samplers,124.44,3.48,36.54,13,0.7799,0.6582,0.3298,0.8821,0.2009,12.7,1,6.5,3,-1.2301505811200915,0.5012877117869515
USR_000204,Casual Snackers,1.0,1.04,3.0,9,0.609,0.2637,0.2709,0.0488,0.236,4.5,0,1.58,0,-3.415210209840007,-1.1336792381734586
USR_000175,Casual Snackers,46.05,1.76,30.23,12,0.6641,0.1338,0.0593,0.3659,0.2037,3.1,0,1.71,0,-3.34691531741555,-0.0881299156623822
USR_000421,Habitual Loyalists,99.82,5.23,17.81,21,0.3209,0.3448,0.6415,0.325,0.5233,28.8,1,6.5,1,0.0500134960662492,-0.7709946599078756
USR_000893,Casual Snackers,35.74,2.13,14.1,1,0.6004,0.0983,0.2228,0.183,0.2136,16.7,0,2.02,0,-3.706684551534097,-0.8061504245131561
USR_000121,Habitual Loyalists,173.3,4.54,33.75,25,0.0765,0.5683,0.898,0.2586,0.6854,36.2,1,6.5,1,1.7990012962737794,0.32215368591372884
USR_000284,Casual Snackers,52.92,1.19,39.36,9,0.7154,0.347,0.1351,0.283,0.242,8.0,0,1.03,0,-3.17005945484748,0.6338281956547718
USR_001728,Power Streamers,165.22,9.4,17.2,29,0.2092,0.3732,0.5868,0.6604,0.3967,46.2,1,6.5,1,1.5418902761057354,-1.1092177680190807
USR_001985,Habitual Loyalists,150.49,5.23,25.03,25,0.1821,0.5803,0.8278,0.2633,0.7528,57.4,1,6.5,1,1.6838218078920528,-0.1624098552093695
USR_000648,Habitual Loyalists,199.17,6.92,30.13,27,0.2796,0.6469,0.7451,0.5986,0.4497,22.0,0,1.0,1,1.8351712004243712,0.03223174952016888
USR_001177,Exploratory Samplers,97.48,2.42,36.93,18,0.2243,0.465,0.4586,0.7776,0.4223,13.6,1,6.5,3,-0.2889810150108355,0.2489699347054856
USR_001407,Power Streamers,214.12,6.62,37.06,29,0.2175,0.5776,0.7443,0.6866,0.3725,45.6,1,6.5,2,1.8642756095240067,0.29605830221301344
USR_001437,Casual Snackers,37.12,2.55,18.29,6,0.7962,0.4413,0.5204,0.103,0.395,9.2,0,0.95,0,-2.4771153624782265,-0.3371398737013427
USR_001952,Casual Snackers,33.03,1.07,29.28,11,0.5966,0.5069,0.1364,0.3263,0.1997,3.3,0,1.2,0,-2.803982074358403,0.2505734732602489
USR_000600,Habitual Loyalists,217.95,3.97,56.28,23,0.4693,0.8872,0.9065,0.3826,0.8256,28.6,1,6.5,1,2.1192240541469984,1.7835353021081184
USR_000276,Exploratory Samplers,116.08,3.11,32.15,14,0.6078,0.4756,0.3813,0.7678,0.3247,19.9,1,6.5,3,-1.110402148488447,0.13381086670763032
USR_001984,Casual Snackers,7.86,2.72,3.0,2,0.7436,0.3552,0.1654,0.3487,0.1443,10.2,0,1.56,0,-3.5868363879976086,-1.2219395498899144
USR_001090,Exploratory Samplers,94.16,2.0,51.62,24,0.676,0.508,0.4833,0.5929,0.4329,5.4,0,0.86,3,-0.7791684846623543,1.1011109569820134
USR_000361,Power Streamers,223.25,7.62,32.34,28,0.1582,0.7156,0.6319,0.877,0.5931,56.5,1,6.5,2,2.7068654677099024,0.04073123840566924
USR_001608,Casual Snackers,15.28,1.21,14.45,2,0.6299,0.4243,0.2838,0.4059,0.2279,6.2,0,1.77,0,-3.1498320892150145,-0.5711362351575618
USR_002049,Casual Snackers,25.41,1.21,19.96,6,0.6993,0.2354,0.178,0.0708,0.215,3.2,0,1.72,0,-3.740044800112106,-0.3145026322917494
USR_001188,Power Streamers,265.89,10.15,32.03,29,0.5424,0.972,0.7935,0.8331,0.586,37.2,0,2.12,2,3.366888070464296,0.23425626548625153
USR_002149,Habitual Loyalists,148.63,4.15,36.41,24,0.3714,0.4911,0.9063,0.5087,0.6496,36.5,0,1.22,1,1.1512968514009485,0.27483492179506874
USR_000458,Exploratory Samplers,93.77,3.79,22.36,26,0.4278,0.269,0.46,0.7555,0.4834,14.1,0,1.78,3,-0.2372071294151722,-0.7195653610503899
USR_001905,Habitual Loyalists,160.94,4.78,27.81,23,0.2652,0.6577,0.7806,0.4608,0.4973,17.9,1,6.5,1,1.202940784085088,0.07470363705448858
